name,figi,lei,address,city,state,formed,zip
Johnson-Thompson,0-04-013720-1,978-1-5020-7877-3,"801 Colin Parkway
North Madelinemouth, OK 39644",Huntmouth,MN,1987-01-06,32697
Mooney LLC,0-13-760071-2,978-0-263-09861-7,"981 Ramirez Ports
Lake Michaelville, AR 95894",Lake Elizabeth,IL,1982-07-20,71088
Watson Ltd,0-18-588499-7,978-0-664-28660-6,"PSC 6261, Box 4453
APO AA 42854",New Jillianberg,GA,1999-10-05,22440
"Grimes, Moss and Hensley",1-86004-111-6,978-1-62631-198-5,"36972 Jenny Creek Apt. 135
Mariestad, GA 24559",Ortizberg,SC,2002-08-09,90664
Craig-Krueger,0-540-52437-9,978-0-9977701-3-1,"322 Thomas Land Apt. 630
Port Karen, DC 38145",Ryanmouth,HI,2002-08-10,01965
White-Lynn,0-530-79635-X,978-0-05-019810-0,"6558 White Ridge
East Melissafort, NJ 54604",Jacksonberg,DE,1987-12-01,83953
Johnson-Wise,0-515-79459-7,978-1-944963-44-6,"71260 Elizabeth Dam
West Lisaburgh, AZ 36224",Ramirezton,MO,2022-08-03,00595
"Fuller, Fletcher and Montgomery",1-382-66478-8,978-1-64409-364-1,"2556 Small Manors Suite 715
South Tanya, NE 83094",Simpsontown,FL,1986-01-13,29127
"Henry, Little and Jones",1-188-43417-9,978-0-208-39279-4,"15009 Jessica Isle
Danielport, MD 21925",New Michaelborough,NM,1992-08-03,83685
"Booth, Juarez and Smith",0-9828816-3-0,978-0-16-739775-5,"055 Kayla Underpass Apt. 715
New Tammy, AS 03465",North Lisa,NV,1971-12-27,97683
Wise Ltd,1-5436-4864-9,978-1-05-120328-2,"880 Ian Mission
Hendersonhaven, NH 72918",Denisefort,MO,2019-06-21,84505
"Gutierrez, Suarez and Bright",0-7211-6426-9,978-1-65832-939-2,"524 Lauren Squares
Leonardview, MS 44948",Lake Sherry,WI,1981-08-15,02032
"Holden, Dunn and Blankenship",1-66869-969-9,978-0-408-12285-6,"USCGC Hall
FPO AP 45786",Lake Mary,OK,1982-11-26,10871
"Davis, Bauer and Peterson",0-672-53546-7,978-0-667-09398-0,"98015 Gerald Fall
West Michael, IA 39948",Lake Katherine,PR,2014-08-12,68746
"Terry, Curtis and Mckenzie",0-15-921768-7,978-0-384-84761-3,"PSC 4987, Box 5422
APO AE 46748",Kimview,DE,2009-04-28,30680
Romero-Smith,0-271-57373-2,978-0-586-92258-3,"47379 Glenda Branch Suite 062
Jessicaberg, MI 98814",South Daniel,MT,2001-12-18,01795
Merritt Inc,1-70673-795-5,978-1-131-41961-9,"3536 Gonzalez Branch
New Sarahport, NJ 48163",North Robert,OR,2011-12-22,09052
Jackson-English,1-4119-5701-6,978-1-76049-409-4,"5803 Nelson Spur
North Charlesport, DC 73483",New Kennethchester,NE,1991-08-23,43703
Cunningham-Blankenship,1-83896-431-2,978-0-302-95576-5,"0957 Nicole Prairie Suite 705
Jarvisside, DC 34615",South John,AZ,2006-06-02,78910
"Smith, Hernandez and Skinner",0-8216-3607-3,978-0-940353-97-8,"3899 James Greens
Lake Brittneymouth, MS 65502",Whiteburgh,NH,2004-04-10,63168
Jackson Inc,0-388-11559-9,978-1-911955-84-9,"158 Fleming Course Apt. 542
Mooreport, ND 94122",Montoyamouth,KS,1979-06-24,80938
Martin-Nichols,1-78250-741-8,978-1-4078-9678-6,"Unit 3768 Box 0912
DPO AP 47735",Port Jennifermouth,MN,1976-06-04,43193
"Clark, Davis and Pena",1-76569-271-7,978-1-04-535730-4,"449 Richard Street Suite 074
South Maryburgh, NE 81979",West Janeburgh,GA,2004-07-20,26659
"Webb, Flynn and Miller",1-930716-59-1,978-0-646-02195-9,"9205 Shane Skyway Apt. 169
Ayalaport, IN 07551",Marymouth,PR,1993-07-13,33316
Walker-Alvarez,1-58309-853-4,978-0-901287-16-8,"2940 Alex Landing Suite 686
Rodriguezview, MH 10841",Port Jeffery,VA,1991-06-28,07324
Gomez LLC,1-4768-7940-0,978-1-960321-18-3,"18376 John Loop Suite 455
Billyside, SC 16270",New Kenneth,KS,1987-01-08,35737
"Leonard, Watson and Brennan",0-15-354842-8,978-0-361-49619-3,"60533 Ricardo Drives
Port Larryberg, PW 23405",Lindafurt,SD,1999-02-02,87982
Mann-Wilson,1-5000-1751-5,978-1-78063-873-7,"9597 Smith Villages Apt. 118
Seanmouth, ND 86995",Littlemouth,NE,2014-12-23,71723
Elliott-Mitchell,0-931536-59-6,978-1-78382-620-9,"83788 Jason Dam Suite 082
Samanthatown, WY 08164",East Bradleyfurt,ND,2003-12-23,79385
Perry Group,0-647-29731-0,978-1-381-39243-4,"6710 Vanessa Route
South Deborah, MP 74328",Lake Brendaville,UT,1970-12-04,20929
Carpenter and Sons,0-9971611-6-7,978-1-9818-5408-0,"96680 Allen Villages
New Juan, KY 53501",Rachelstad,AL,2010-11-18,42767
Ramirez Inc,1-81919-733-6,978-0-7194-3870-7,"68286 Kelly Brook
Dorothymouth, RI 14415",New Abigail,OR,1990-01-31,84798
Marshall Inc,0-303-48316-4,978-1-71275-767-3,"8465 Brandon Spurs Suite 864
North Holly, IL 30811",Ricardobury,OR,2003-06-06,28495
Rowland-Elliott,1-05-209938-6,978-0-9932181-1-8,"97552 Kelley Meadows
North Angela, IN 76569",New Andrea,ND,1992-11-07,18381
"Johnson, Russell and Cox",0-372-62747-1,978-0-418-46379-6,"663 Tate Estate
North Maryberg, NM 60657",Port Robert,NJ,1976-08-21,19861
"Pearson, Mayo and Blanchard",0-88603-920-7,978-0-88477-203-3,"146 Wright Rapids
Williamton, WI 85085",Lake Christineberg,GU,2015-04-28,31008
Anderson-Young,0-679-96577-7,978-0-627-54689-1,"51481 Shane Summit
Lake Seth, OH 88401",West Ashleyshire,FM,1970-09-30,65712
"Cooper, Mccall and Smith",0-554-97952-7,978-0-86906-700-0,"5458 Jonathan Parkways
Jeffreyton, CA 97933",Mcmillanborough,SD,1977-03-06,38428
Oliver-Ramirez,1-06-482897-3,978-0-337-45024-2,"PSC 0794, Box 0339
APO AA 55564",New Ronnie,IL,1981-09-26,30872
"Wells, Evans and King",0-943941-97-0,978-1-239-64127-1,"66624 Krista Isle Suite 362
New Johnborough, RI 17381",South Jeffreyview,ID,2010-08-16,48135
"Gill, Johnson and Edwards",0-572-49874-8,978-1-77707-615-3,"PSC 1870, Box 0548
APO AE 35525",Mcdonaldberg,AK,1970-08-21,34129
"Foster, Sanchez and Cantu",0-429-72791-7,978-1-239-74092-9,"6648 Jacob Junction Apt. 886
Harrisonhaven, AZ 50853",South Trevor,IA,1996-03-07,73417
"Jones, White and Stevens",1-131-36762-6,978-1-60745-032-0,"8009 Brenda Grove Apt. 036
Ashleyfort, IL 20334",Kimberlystad,OR,2000-04-13,90711
Hill Inc,0-515-46747-2,978-0-611-02300-1,"3190 Amanda Tunnel Suite 861
Aprilborough, SC 92100",Joneshaven,IL,1997-01-31,68647
Morse Ltd,1-84446-000-2,978-1-81455-770-6,"32014 Stephanie Vista
Heatherside, DC 64997",East Beth,ME,2007-07-14,34729
Charles-Jackson,0-433-80722-9,978-1-63664-194-2,"3740 Isaac Spur Apt. 398
Harrisberg, PR 06651",New Brandon,NM,2008-04-02,93101
Spencer Inc,1-09-976038-0,978-1-80200-989-7,"82600 Smith Park Suite 480
Lake Elizabethside, TN 68898",Samanthaborough,PW,1994-09-07,94872
Lindsey LLC,1-00-736143-3,978-0-7655-2599-4,"84121 Villa Crossing
West Mitchell, MP 88601",Craigburgh,WI,2024-08-15,81302
Jordan-Monroe,1-100-57270-8,978-0-914792-47-5,"63692 Darrell Square
Port Robin, MD 72750",Heatherland,TN,1970-02-03,86897
"Phillips, Wilson and Jones",0-345-97395-X,978-1-915403-89-6,"51293 Rivera Brooks
Lake Lauren, MP 56433",Goodmantown,NY,1986-12-11,29838
Alvarez Group,0-13-745648-4,978-1-4667-4295-6,"837 Young Cove Suite 160
Wallshire, FM 97158",North Melaniechester,IN,1977-04-13,25071
Murphy PLC,0-9980991-9-8,978-1-894189-81-1,"330 Davis Plains
Port Troy, SC 63812",East Christopher,IA,1991-10-29,11681
Scott Inc,0-554-49634-8,978-0-02-037105-2,"68167 Jimenez Underpass Apt. 298
Solomonmouth, PW 62928",Wrightfurt,MA,1987-08-25,67572
Wilson Inc,0-589-40150-5,978-1-84777-567-2,"655 Gerald Circle
Michaelmouth, NH 86520",Port Thomasside,MI,2017-03-16,03193
Hunt-Hansen,0-922045-75-5,978-0-9803239-0-0,"977 Thomas Crest Suite 608
Sharonport, ND 76692",Thompsonville,FM,2006-06-08,22238
Harris LLC,1-224-41012-2,978-0-907833-41-3,"10462 Scott Haven Suite 438
Anthonyshire, VT 03806",Fletcherchester,OK,2000-03-31,60127
Morales-Murphy,1-58548-744-9,978-1-4443-7935-8,"4971 Snyder Station
Alishaburgh, WY 56140",Powersbury,AK,1971-02-25,28902
"Cannon, Montes and Gross",1-272-90696-5,978-1-75773-812-5,"8377 Tony Haven
New Amyfurt, RI 30384",Thomastown,WI,2024-08-01,84102
Lewis PLC,1-5472-6136-6,978-0-588-17996-1,"58113 Burns Mews
Grimesmouth, AZ 74141",Harrellborough,MN,1982-08-17,11867
Jones Group,1-319-99479-2,978-0-7162-4214-7,"952 Thompson Club Suite 212
South John, AK 41177",Lake Darrellberg,WA,1977-08-07,68589
Farmer-Chan,1-141-52842-8,978-1-60185-009-6,"64232 Wilson Crossroad Suite 060
Youngberg, RI 32070",Shellyville,MO,2002-08-24,89148
Cruz-Fox,0-481-43777-0,978-0-7569-1741-8,"2282 Lopez Plains Apt. 859
Katherineshire, NH 75209",Port Julie,MH,1974-07-26,02154
Daniel-Alexander,1-381-15596-0,978-0-7515-7555-2,"45453 Thomas Plains
New Jessemouth, LA 93760",Parsonsburgh,WV,1989-06-12,30286
Malone LLC,1-4171-6970-2,978-0-946847-21-1,"4512 Brandon Overpass
Johnnyborough, MT 35702",Katrinastad,PA,2021-08-17,41714
Mitchell-Anderson,0-09-485747-4,978-1-72263-629-6,"9452 Amy Glen
Matthewbury, KS 22433",West Aaron,MP,2021-07-31,08609
Morales LLC,1-4915-7940-4,978-1-5251-3149-3,"Unit 1399 Box 4017
DPO AA 07797",Nathanport,MI,1991-06-17,01361
"Lewis, Taylor and Mcpherson",0-7607-1907-1,978-1-81865-023-6,"93294 Chloe Knoll
Lake Anthonyfurt, KS 32940",East Eric,SC,2000-08-28,51121
Jones Inc,1-4459-7203-4,978-0-620-39878-7,"3830 Gordon Squares
Port Stephaniefurt, ND 88804",Scottberg,AR,2019-05-21,58480
"Cox, Mccormick and Tate",1-225-36433-7,978-1-7366358-0-3,"PSC 4955, Box 0484
APO AA 08660",North Mark,OH,2001-10-12,47941
"Anderson, Johnson and Mcbride",0-691-33239-8,978-0-222-45546-8,"289 Spence Mountain Suite 352
Sandersview, ND 90363",Mendozamouth,NY,1996-10-15,96935
Rodriguez and Sons,1-06-817834-5,978-1-80689-932-6,"9327 Powers Valley Apt. 690
North Julieport, HI 71944",Crosbyfurt,PA,1975-07-04,33179
Lewis and Sons,1-213-50758-8,978-1-76754-980-3,"245 Kristin Mission
New Victoria, MA 69149",Moniqueborough,CT,2025-02-27,81762
Mccarthy-Zimmerman,1-07-128774-5,978-1-04-683544-3,"01360 Webster Tunnel
Mcmahonton, IN 38888",Dunnberg,NC,1976-12-12,33026
"Sparks, Johnson and Young",1-02-000456-8,978-1-60009-121-6,"23237 Justin Square
East Danielfurt, VT 96619",West Richardton,VA,2023-03-20,44138
Allen-Mcguire,0-00-088889-3,978-0-218-40217-9,"280 Misty View
Lake Jason, ND 19729",South Kathrynton,GA,1999-09-23,75992
Wagner-Stewart,0-625-77411-6,978-1-60643-717-9,"453 Hayes Inlet
Huntside, TN 17669",Port Alisonshire,PW,1971-05-31,22669
"Vasquez, Cantu and Long",1-259-77514-3,978-1-5413-0999-9,"93980 Madison Prairie Suite 339
Jodychester, AK 14211",Gibsonchester,TN,2005-05-27,32399
Jones Group,1-109-65956-3,978-1-4718-1847-9,"61206 Johnson Canyon
Jordanstad, CO 29634",Caseyburgh,GU,2004-09-03,70835
"Harris, Perry and Lopez",1-04-918323-1,978-1-77832-702-5,"408 Huynh Passage
Lake Tashaton, CO 80895",Russofurt,UT,1994-07-22,50016
"Mcgee, Alvarez and Cameron",1-02-479711-2,978-1-06-684005-2,"072 Victor Green
Port Michaelview, OH 53030",New Lisa,MH,1977-12-05,44819
Davis-Mullins,1-262-42398-8,978-1-372-56445-1,"31836 Cynthia Squares Suite 606
East Jennifer, FM 55580",Port Charlesberg,AZ,1978-01-03,67965
Gomez LLC,1-65213-156-6,978-1-05-680679-2,"PSC 8164, Box 8391
APO AE 22080",Douglashaven,WA,1997-08-22,71323
Owens Ltd,1-67378-859-9,978-1-276-66827-9,"2619 Cooper Mill Apt. 284
New Matthewfurt, MN 17434",New Alanbury,AK,1995-06-19,14256
"Ross, Luna and Harding",0-08-659863-5,978-0-89854-870-9,"976 Marissa Well
Ginamouth, CA 25489",Port Craig,LA,2005-02-09,22083
"Thompson, West and Robles",1-03-785223-0,978-0-13-905409-9,"5227 Phyllis Dale Apt. 196
South Victoriastad, NC 95270",Ryanmouth,KS,1982-01-11,41005
Cruz-Morris,0-943398-05-3,978-1-189-77340-4,"04802 David Shores Suite 568
North Elizabethmouth, NJ 87465",Lake Amandaville,TN,1986-02-07,55128
"Gray, Lowe and Reynolds",0-7775-6717-2,978-0-447-96088-4,"7707 Christina River Suite 662
Deborahville, IN 49013",Rachelfurt,NJ,1977-06-18,97037
"Smith, May and Hill",1-4715-4716-7,978-1-148-81338-7,"1728 Hayes Course
Timothyfurt, PA 49491",Brittanystad,RI,1992-04-23,58690
Love-Chavez,0-408-30829-X,978-1-05-240889-1,"74595 Burton Stravenue
Lake Deborah, VT 87494",Kramerberg,VI,1983-05-01,53966
"Li, Barker and Williams",0-438-05065-7,978-1-370-37703-9,"055 Natasha Valleys Suite 224
East Josephside, FM 29469",Timothyburgh,MP,1991-03-26,61901
"Berry, Wiley and Lewis",0-19-035241-8,978-0-15-936593-9,"868 Clark Roads Apt. 256
New Madison, IA 14819",Johnland,GU,1979-08-25,77981
"Compton, Buck and Sandoval",1-4417-0004-8,978-0-04-047867-0,"0037 Jennifer Harbor Suite 861
Chavezshire, IL 85466",Emilystad,AK,1997-12-02,73096
Ingram-Anderson,0-9981281-9-8,978-0-05-608202-1,"23631 Stephenson Mountain Apt. 870
Haynesberg, SC 01910",Kelseyhaven,WI,2023-08-16,78165
"Smith, Hogan and House",0-8338-0408-1,978-1-83440-586-5,"241 Elizabeth Landing
West William, GU 15547",North Davidfurt,AR,1978-10-12,99325
Crawford-Fernandez,0-86902-544-9,978-1-903994-55-9,"60710 Julie Ferry Apt. 055
North Anthonyhaven, NH 57170",East Raymondton,MH,2002-12-23,54059
Brandt Inc,0-7989-2562-0,978-1-947869-45-5,"46071 Sean Wall Suite 203
Beckerport, MS 57527",Lake Davidland,SD,1981-12-30,30989
"Petty, Carter and Russell",0-04-092013-5,978-0-7444-1363-2,"3797 Kim Parks
Lake Sarah, HI 09398",Murphyview,AR,1991-06-16,06765
Singh Ltd,0-903425-41-6,978-1-9765-9610-0,"130 Taylor Ford
Murphyfort, OR 68235",North Nicholasport,PR,1988-04-24,78458
"Wu, Miller and Harvey",0-634-12802-7,978-0-504-48861-0,"57868 Chase Gateway
Lisahaven, CO 91724",Port Karenborough,UT,1977-12-03,14166
"Hess, Parsons and Bailey",0-219-79608-4,978-1-63748-653-5,"80999 Jones Path Apt. 267
Jenniferport, MO 83542",Christophermouth,MI,2008-07-03,75094
